,Homosexuality,Gay Marriage,Censorship,Changing Gender,Gender-Affirming Care,Non-Binary Gender Recognition,Discrimination,Employment Discrimination,Housing Discrimination,Adoption,Intersex Infant Surgery,Military,Donating Blood,Conversion Therapy,Age of Consent
bahrain,✔ Legal,✖ Banned,✖ Imprisonment as punishment,✖ Illegal,✔ Legal,✖ Not legally recognized,✖ No protections,✖ No protections,✖ No protections,✖ Illegal,Unknown,Unknown,✖ Banned (indefinite deferral),✖ Not banned,Unknown
bhutan,✔ Legal,✖ Unrecognized,✔ No censorship,"✖ Legal, but requires medical diagnosis",✖ Restricted,✖ Not legally recognized,✖ No protections,✖ No protections,✖ No protections,✖ Single only,Unknown,✔ Legal,✔ Legal,✖ Not banned,✔ Equal
cambodia,✔ Legal,Varies by Region,✔ No censorship,✖ Illegal,✔ Legal,✖ Not legally recognized,✖ No protections,✖ No protections,✖ No protections,Ambiguous,✖ Not banned,"✖ Lesbians, gays, bisexuals permitted, transgender people banned",✔ Legal,✖ Not banned,✔ Equal
china,✔ Legal,✖ Civil unions (limited rights),✖ State-enforced,"✖ Legal, but requires surgery",✔ Legal,✖ Not legally recognized,✖ No protections,✖ No protections,✖ No protections,✖ Single only,Ambiguous,Ambiguous,✖ Banned (indefinite deferral),✖ Not banned,✔ Equal
india,✔ Legal,✖ Unregistered cohabitation,✔ No censorship,"✖ Legal, but requires surgery",✔ Legal,✔ Recognized,✖ Illegal in some contexts,✖ Gender identity only,✖ Gender identity only,✖ Single only,Varies by Region,✖ Illegal,✖ Banned (indefinite deferral),Varies by Region,✔ Equal
israel,✔ Legal,✖ Foreign same-sex marriages recognized only,✔ No censorship,"✖ Legal, but requires medical diagnosis",✔ Legal,✖ Not legally recognized,✖ Illegal in some contexts,✔ Sexual orientation and gender identity,✖ No protections,✔ Legal,✖ Not banned,✔ Legal,✔ Legal,✔ Banned,✔ Equal
japan,✔ Legal,Varies by Region,✔ No censorship,"✖ Legal, but requires surgery",✔ Legal,✖ Not legally recognized,✖ Illegal in some contexts,Varies by Region,✔ Sexual orientation and gender identity,Ambiguous,✖ Not banned,✔ Legal,✖ Banned (6-month deferral),✖ Not banned,✔ Equal
jordan,✔ Legal,✖ Unrecognized,✖ Imprisonment as punishment,"✖ Legal, but requires surgery",✔ Legal,✖ Not legally recognized,✖ No protections,✖ No protections,✖ No protections,✖ Illegal,Unknown,"✖ Don't Ask, Don't Tell",✔ Legal,✖ Not banned,✔ Equal
kazakhstan,✔ Legal,✖ Unrecognized,✖ State-enforced,"✖ Legal, but requires surgery",✔ Legal,✖ Not legally recognized,✔ Illegal,✔ Sexual orientation and gender identity,✔ Sexual orientation and gender identity,✖ Illegal,✖ Parental approval required,✔ Legal,✔ Legal,✖ Not banned,✔ Equal
kyrgyzstan,✔ Legal,✖ Banned,Ambiguous,"✖ Legal, but requires surgery",✔ Legal,✖ Not legally recognized,✖ No protections,✖ No protections,✖ No protections,✖ Single only,Unknown,"✖ Don't Ask, Don't Tell",✔ Legal,✖ Not banned,✔ Equal
laos,✔ Legal,✖ Unrecognized,✔ No censorship,"✖ Legal, but requires surgery",✖ Restricted,✖ Not legally recognized,✖ No protections,✖ No protections,✖ No protections,Ambiguous,Unknown,Ambiguous,✔ Legal,✖ Not banned,✔ Equal
mongolia,✔ Legal,✖ Banned,✔ No censorship,"✖ Legal, but requires surgery",✔ Legal,✖ Not legally recognized,✔ Illegal,✔ Sexual orientation and gender identity,✔ Sexual orientation and gender identity,✖ Single only,Unknown,"✖ Lesbians, gays, bisexuals permitted, transgender people banned",✔ Legal,✖ Not banned,✔ Equal
nepal,✔ Legal,✔ Legal,✔ No censorship,Ambiguous,✖ Restricted,✔ Recognized,✔ Illegal,✔ Sexual orientation and gender identity,✔ Sexual orientation and gender identity,✖ Single only,✖ Not banned,✔ Legal,✔ Legal,✖ Not banned,✔ Equal
north-korea,✔ Legal,✖ Unrecognized,✖ State-enforced,✖ Illegal,Unknown,✖ Not legally recognized,✖ No protections,Unknown,Unknown,✖ Illegal,Unknown,"✖ Don't Ask, Don't Tell",Unknown,Unknown,✔ Equal
philippines,✔ Legal,✖ Unrecognized,✔ No censorship,✖ Illegal,✔ Legal,✖ Not legally recognized,✖ Illegal in some contexts,Varies by Region,Varies by Region,✖ Single only,Unknown,✔ Legal,✖ Banned (indefinite deferral),Varies by Region,✔ Equal
singapore,✔ Legal,✖ Banned,✖ State-enforced,"✖ Legal, but requires surgery",✔ Legal,✖ Not legally recognized,✖ Illegal in some contexts,✖ Sexual orientation only,Ambiguous,✖ Single only,Unknown,✔ Legal,✖ Banned (indefinite deferral),✔ Banned,✔ Equal
south-korea,✔ Legal,✖ Unrecognized,✖ State-enforced,"✖ Legal, but requires surgery",✔ Legal,✖ Not legally recognized,Unknown,Varies by Region,Varies by Region,✖ Illegal,Unknown,✖ Illegal,✔ Legal,✖ Not banned,✔ Equal
taiwan,✔ Legal,✔ Legal,✔ No censorship,"✔ Legal, no restrictions",✔ Legal,✖ Not legally recognized,✔ Illegal,✔ Sexual orientation and gender identity,✖ No protections,✔ Legal,✔ Full ban,"✖ Lesbians, gays, bisexuals permitted, transgender people banned",✖ Banned (5-year deferral),✔ Banned,✔ Equal
tajikistan,✔ Legal,✖ Banned,✖ State-enforced,"✖ Legal, but requires surgery",✔ Legal,✖ Not legally recognized,✖ No protections,✖ No protections,✖ No protections,✖ Illegal,Unknown,"✖ Don't Ask, Don't Tell",✖ Banned (indefinite deferral),✖ Not banned,✔ Equal
thailand,✔ Legal,✖ Unrecognized,✔ No censorship,✖ Illegal,✔ Legal,✖ Not legally recognized,✔ Illegal,✔ Sexual orientation and gender identity,✔ Sexual orientation and gender identity,✖ Illegal,✖ Not banned,✔ Legal,✖ Banned (indefinite deferral),✖ Not banned,✔ Equal
east-timor,✔ Legal,✖ Unrecognized,✔ No censorship,✖ Illegal,✖ Restricted,✖ Not legally recognized,✖ Illegal in some contexts,✖ No protections,Ambiguous,✖ Single only,Unknown,Ambiguous,✖ Banned (indefinite deferral),✖ Not banned,✔ Equal
vietnam,✔ Legal,✖ Unrecognized,✔ No censorship,"✖ Legal, but requires surgery",✔ Legal,✖ Not legally recognized,✖ Illegal in some contexts,✖ No protections,✖ Gender identity only,✖ Single only,✖ Not banned,✔ Legal,✔ Legal,✔ Banned,✔ Equal
albania,✔ Legal,✖ Unrecognized,✔ No censorship,"✖ Legal, but requires surgery","✖ Legal, but restricted for minors",✖ Not legally recognized,✔ Illegal,✔ Sexual orientation and gender identity,✔ Sexual orientation and gender identity,✖ Single only,✔ Full ban,"✖ Lesbians, gays, bisexuals permitted, transgender people banned",✔ Legal,✔ Banned,✔ Equal
andorra,✔ Legal,✔ Legal,✔ No censorship,"✔ Legal, no restrictions",✔ Legal,✖ Not legally recognized,✔ Illegal,✔ Sexual orientation and gender identity,✔ Sexual orientation and gender identity,✔ Legal,✖ Not banned,N/A,✔ Legal,✖ Not banned,✔ Equal
armenia,✔ Legal,✖ Banned,✔ No censorship,"✖ Legal, but requires surgery",✔ Legal,✖ Not legally recognized,✖ No protections,✖ No protections,✖ No protections,✖ Single only,✖ Not banned,"✖ Don't Ask, Don't Tell",✔ Legal,✖ Not banned,✔ Equal
austria,✔ Legal,✔ Legal,✔ No censorship,"✖ Legal, but requires medical diagnosis",✔ Legal,✖ Intersex only,✔ Illegal,✔ Sexual orientation and gender identity,✔ Sexual orientation and gender identity,✔ Legal,✖ Not banned,✔ Legal,✔ Legal,✖ Not banned,✔ Equal
azerbaijan,✔ Legal,✖ Unrecognized,✔ No censorship,"✖ Legal, but requires surgery",✔ Legal,✖ Not legally recognized,✖ No protections,✖ No protections,✖ No protections,✖ Illegal,✖ Not banned,"✖ Don't Ask, Don't Tell",✔ Legal,✖ Not banned,✔ Equal
belarus,✔ Legal,✖ Banned,✖ Imprisonment as punishment,"✖ Legal, but requires medical diagnosis",✔ Legal,✖ Not legally recognized,✖ No protections,✖ No protections,✖ No protections,✖ Illegal,✖ Not banned,"✖ Don't Ask, Don't Tell",✔ Legal,✖ Not banned,✔ Equal
belgium,✔ Legal,✔ Legal,✔ No censorship,"✔ Legal, no restrictions",✔ Legal,✖ Not legally recognized,✔ Illegal,✔ Sexual orientation and gender identity,✔ Sexual orientation and gender identity,✔ Legal,✖ Not banned,✔ Legal,✖ Banned (less than 6-month deferral),✔ Banned,✔ Equal
bosnia-and-herzegovina,✔ Legal,✖ Unrecognized,✔ No censorship,"✖ Legal, but requires surgery",✔ Legal,✖ Not legally recognized,✔ Illegal,✔ Sexual orientation and gender identity,✔ Sexual orientation and gender identity,✖ Illegal,✖ Not banned,✔ Legal,Varies by Region,✖ Not banned,✔ Equal
bulgaria,✔ Legal,✖ Banned,✔ No censorship,✖ Illegal,✔ Legal,✖ Not legally recognized,✔ Illegal,✔ Sexual orientation and gender identity,✔ Sexual orientation and gender identity,✖ Single only,✖ Not banned,"✖ Lesbians, gays, bisexuals permitted, transgender people banned",✔ Legal,✖ Not banned,✔ Equal
croatia,✔ Legal,✔ Civil unions (marriage rights),✔ No censorship,"✔ Legal, no restrictions",✔ Legal,✖ Not legally recognized,✔ Illegal,✔ Sexual orientation and gender identity,✔ Sexual orientation and gender identity,✔ Legal,✖ Not banned,✔ Legal,✖ Banned (indefinite deferral),✖ Not banned,✔ Equal
cyprus,✔ Legal,✔ Civil unions (marriage rights),✔ No censorship,"✔ Legal, no restrictions",✔ Legal,✖ Not legally recognized,✖ Illegal in some contexts,✔ Sexual orientation and gender identity,✔ Sexual orientation and gender identity,✖ Single only,✖ Not banned,✔ Legal,✔ Legal,✔ Banned,✔ Equal
czech-republic,✔ Legal,✖ Civil unions (limited rights),✔ No censorship,"✖ Legal, but requires surgery",✔ Legal,✖ Not legally recognized,✔ Illegal,✔ Sexual orientation and gender identity,✔ Sexual orientation and gender identity,✖ Single only,✖ Not banned,✔ Legal,✖ Banned (1-year deferral),✖ Not banned,✔ Equal
denmark,✔ Legal,✔ Legal,✔ No censorship,"✔ Legal, no restrictions",✔ Legal,✔ Recognized,✔ Illegal,✔ Sexual orientation and gender identity,✔ Sexual orientation and gender identity,✔ Legal,✖ Not banned,✔ Legal,✖ Banned (less than 6-month deferral),✖ Not banned,✔ Equal
estonia,✔ Legal,✔ Legal,✔ No censorship,"✖ Legal, but requires medical diagnosis",✔ Legal,✖ Not legally recognized,✔ Illegal,✔ Sexual orientation and gender identity,✔ Sexual orientation and gender identity,✔ Legal,✖ Not banned,✔ Legal,✔ Legal,✖ Not banned,✔ Equal
finland,✔ Legal,✔ Legal,✔ No censorship,"✔ Legal, no restrictions","✖ Legal, but restricted for minors",✖ Not legally recognized,✔ Illegal,✔ Sexual orientation and gender identity,✔ Sexual orientation and gender identity,✔ Legal,✖ Not banned,✔ Legal,✔ Legal,✖ Not banned,✔ Equal
france,✔ Legal,✔ Legal,✔ No censorship,"✔ Legal, no restrictions",✔ Legal,✖ Not legally recognized,✔ Illegal,✔ Sexual orientation and gender identity,✔ Sexual orientation and gender identity,✔ Legal,✖ Parental approval required,Unknown,✔ Legal,✔ Banned,✔ Equal
georgia,✔ Legal,✖ Banned,✔ No censorship,"✖ Legal, but requires surgery",✔ Legal,✖ Not legally recognized,✔ Illegal,✔ Sexual orientation and gender identity,✔ Sexual orientation and gender identity,✖ Single only,✖ Not banned,"✖ Lesbians, gays, bisexuals permitted, transgender people banned",✔ Legal,Ambiguous,✔ Equal
germany,✔ Legal,✔ Legal,✔ No censorship,"✖ Legal, but requires medical diagnosis",✔ Legal,✖ Intersex only,✔ Illegal,✔ Sexual orientation and gender identity,✔ Sexual orientation and gender identity,✔ Legal,✔ Full ban,✔ Legal,✔ Legal,✔ Banned,✔ Equal
greece,✔ Legal,✔ Legal,✔ No censorship,"✔ Legal, no restrictions",✔ Legal,✖ Not legally recognized,✔ Illegal,✔ Sexual orientation and gender identity,✔ Sexual orientation and gender identity,✔ Legal,✔ Full ban,✔ Legal,✔ Legal,✔ Banned,✔ Equal
hungary,✔ Legal,✔ Civil unions (marriage rights),✖ Fine as punishment,✖ Illegal,✔ Legal,✖ Not legally recognized,✔ Illegal,✔ Sexual orientation and gender identity,✔ Sexual orientation and gender identity,✖ Single only,✖ Not banned,✔ Legal,✔ Legal,✖ Not banned,✔ Equal
iceland,✔ Legal,✔ Legal,✔ No censorship,"✔ Legal, no restrictions",✔ Legal,✔ Recognized,✖ Illegal in some contexts,✔ Sexual orientation and gender identity,✖ No protections,✔ Legal,✔ Full ban,N/A,✖ Banned (indefinite deferral),✔ Banned,✔ Equal
ireland,✔ Legal,✔ Legal,✔ No censorship,"✔ Legal, no restrictions",✔ Legal,✖ Not legally recognized,✔ Illegal,✔ Sexual orientation and gender identity,✔ Sexual orientation and gender identity,✔ Legal,✖ Not banned,✔ Legal,✔ Legal,✖ Not banned,✔ Equal
italy,✔ Legal,✔ Civil unions (marriage rights),✔ No censorship,"✖ Legal, but requires medical diagnosis",✔ Legal,✖ Not legally recognized,Varies by Region,✔ Sexual orientation and gender identity,Varies by Region,✖ Second parent adoption only,✖ Parental approval required,"✖ Lesbians, gays, bisexuals permitted, transgender people banned",✔ Legal,Ambiguous,✔ Equal
kosovo,✔ Legal,✖ Unrecognized,✔ No censorship,"✖ Legal, but requires surgery","✖ Legal, but restricted for minors",✖ Not legally recognized,✔ Illegal,✔ Sexual orientation and gender identity,✔ Sexual orientation and gender identity,✖ Single only,✖ Not banned,"✖ Lesbians, gays, bisexuals permitted, transgender people banned",✖ Banned (indefinite deferral),✖ Not banned,✔ Equal
latvia,✔ Legal,✖ Civil unions (limited rights),✔ No censorship,"✖ Legal, but requires surgery",✔ Legal,✖ Not legally recognized,✖ Illegal in some contexts,✖ Sexual orientation only,✖ No protections,✖ Single only,✖ Not banned,"✖ Lesbians, gays, bisexuals permitted, transgender people banned",✔ Legal,✖ Not banned,✔ Equal
liechtenstein,✔ Legal,✔ Civil unions (marriage rights),✔ No censorship,✖ Illegal,✖ Restricted,✖ Not legally recognized,✖ Illegal in some contexts,✖ No protections,✖ No protections,✔ Legal,✖ Not banned,N/A,✔ Legal,✖ Not banned,✔ Equal
lithuania,✔ Legal,✖ Banned,✖ Fine as punishment,"✖ Legal, but requires medical diagnosis",✔ Legal,✖ Not legally recognized,✖ Illegal in some contexts,✖ Sexual orientation only,✖ Sexual orientation only,✖ Single only,✖ Not banned,"✖ Lesbians, gays, bisexuals permitted, transgender people banned",✔ Legal,✖ Not banned,✔ Equal
luxembourg,✔ Legal,✔ Legal,✔ No censorship,"✔ Legal, no restrictions",✔ Legal,✖ Not legally recognized,✔ Illegal,✔ Sexual orientation and gender identity,✖ Sexual orientation only,✔ Legal,✖ Not banned,✔ Legal,✖ Banned (1-year deferral),✖ Not banned,✔ Equal
malta,✔ Legal,✔ Legal,✔ No censorship,"✔ Legal, no restrictions",✔ Legal,✔ Recognized,✔ Illegal,✔ Sexual orientation and gender identity,✔ Sexual orientation and gender identity,✔ Legal,✔ Full ban,✔ Legal,✔ Legal,✔ Banned,✔ Equal
moldova,✔ Legal,✖ Banned,✔ No censorship,"✖ Legal, but requires medical diagnosis",✔ Legal,✖ Not legally recognized,✔ Illegal,✔ Sexual orientation and gender identity,✔ Sexual orientation and gender identity,✖ Single only,✖ Not banned,"✖ Lesbians, gays, bisexuals permitted, transgender people banned",✖ Banned (indefinite deferral),✖ Not banned,✔ Equal
monaco,✔ Legal,✖ Civil unions (limited rights),✔ No censorship,✖ Illegal,"✖ Legal, but restricted for minors",✖ Not legally recognized,✖ Illegal in some contexts,✖ No protections,✖ No protections,✖ Illegal,✖ Not banned,N/A,✔ Legal,✖ Not banned,✔ Equal
montenegro,✔ Legal,✖ Civil unions (limited rights),✔ No censorship,"✖ Legal, but requires surgery",✔ Legal,✖ Not legally recognized,✔ Illegal,✔ Sexual orientation and gender identity,Ambiguous,✖ Illegal,✖ Not banned,✔ Legal,✔ Legal,✖ Not banned,✔ Equal
netherlands,✔ Legal,✔ Legal,✔ No censorship,"✖ Legal, but requires medical diagnosis",✔ Legal,✔ Recognized,✔ Illegal,✔ Sexual orientation and gender identity,✔ Sexual orientation and gender identity,✔ Legal,✖ Not banned,✔ Legal,✔ Legal,✖ Not banned,✔ Equal
macedonia,✔ Legal,✖ Unrecognized,✔ No censorship,"✖ Legal, but requires surgery",✔ Legal,✖ Not legally recognized,✔ Illegal,✔ Sexual orientation and gender identity,✔ Sexual orientation and gender identity,✖ Single only,✖ Not banned,"✖ Lesbians, gays, bisexuals permitted, transgender people banned",✔ Legal,✖ Not banned,✔ Equal
norway,✔ Legal,✔ Legal,✔ No censorship,"✔ Legal, no restrictions","✖ Legal, but restricted for minors",✖ Not legally recognized,✔ Illegal,✔ Sexual orientation and gender identity,✔ Sexual orientation and gender identity,✔ Legal,✖ Not banned,✔ Legal,✖ Banned (1-year deferral),✔ Banned,✔ Equal
poland,✔ Legal,✖ Unregistered cohabitation,✔ No censorship,"✖ Legal, but requires medical diagnosis",✔ Legal,✖ Not legally recognized,✖ Illegal in some contexts,✔ Sexual orientation and gender identity,✖ No protections,✖ Single only,✖ Not banned,"✖ Lesbians, gays, bisexuals permitted, transgender people banned",✔ Legal,✖ Not banned,✔ Equal
portugal,✔ Legal,✔ Legal,✔ No censorship,"✔ Legal, no restrictions",✔ Legal,✖ Not legally recognized,✔ Illegal,✔ Sexual orientation and gender identity,✔ Sexual orientation and gender identity,✔ Legal,✔ Full ban,"✖ Lesbians, gays, bisexuals permitted, transgender people banned",✔ Legal,✔ Banned,✔ Equal
romania,✔ Legal,✖ Banned,✖ State-enforced,"✖ Legal, but requires surgery",✔ Legal,✖ Not legally recognized,✖ Illegal in some contexts,✖ Sexual orientation only,✔ Sexual orientation and gender identity,✖ Single only,✖ Not banned,"✖ Lesbians, gays, bisexuals permitted, transgender people banned",✔ Legal,✖ Not banned,✔ Equal
san-marino,✔ Legal,✔ Civil unions (marriage rights),✔ No censorship,✖ Illegal,✔ Legal,✖ Not legally recognized,✖ Illegal in some contexts,✖ Sexual orientation only,✖ Sexual orientation only,✖ Second parent adoption only,✖ Not banned,"✖ Lesbians, gays, bisexuals permitted, transgender people banned",✔ Legal,✖ Not banned,✔ Equal
serbia,✔ Legal,✖ Banned,✔ No censorship,"✖ Legal, but requires medical diagnosis","✖ Legal, but restricted for minors",✖ Not legally recognized,✔ Illegal,✔ Sexual orientation and gender identity,✔ Sexual orientation and gender identity,✖ Illegal,✖ Not banned,✔ Legal,✖ Banned (6-month deferral),✖ Not banned,✔ Equal
slovakia,✔ Legal,✖ Unregistered cohabitation,Ambiguous,"✖ Legal, but requires medical diagnosis",✔ Legal,✖ Not legally recognized,✔ Illegal,✔ Sexual orientation and gender identity,✔ Sexual orientation and gender identity,✖ Single only,✖ Not banned,✔ Legal,✖ Banned (1-year deferral),✖ Not banned,✔ Equal
slovenia,✔ Legal,✔ Legal,✔ No censorship,"✖ Legal, but requires medical diagnosis",✔ Legal,✖ Not legally recognized,✔ Illegal,✔ Sexual orientation and gender identity,✔ Sexual orientation and gender identity,✔ Legal,✖ Not banned,✔ Legal,✔ Legal,✖ Not banned,✔ Equal
spain,✔ Legal,✔ Legal,✔ No censorship,"✔ Legal, no restrictions",✔ Legal,Varies by Region,✔ Illegal,✔ Sexual orientation and gender identity,✔ Sexual orientation and gender identity,✔ Legal,✔ Full ban,✔ Legal,✔ Legal,✔ Banned,✔ Equal
sweden,✔ Legal,✔ Legal,✔ No censorship,"✖ Legal, but requires medical diagnosis","✖ Legal, but restricted for minors",✖ Not legally recognized,✔ Illegal,✔ Sexual orientation and gender identity,✔ Sexual orientation and gender identity,✔ Legal,✖ Not banned,✔ Legal,✖ Banned (6-month deferral),✖ Not banned,✔ Equal
switzerland,✔ Legal,✔ Legal,✔ No censorship,"✔ Legal, no restrictions",✔ Legal,✖ Not legally recognized,✖ Illegal in some contexts,✖ No protections,✖ No protections,✔ Legal,✖ Not banned,"✖ Lesbians, gays, bisexuals permitted, transgender people banned",✔ Legal,Varies by Region,✔ Equal
turkey,✔ Legal,✖ Unrecognized,✖ State-enforced,"✖ Legal, but requires surgery",✔ Legal,✖ Not legally recognized,✖ Illegal in some contexts,✖ Sexual orientation only,✖ No protections,✖ Single only,✖ Not banned,✖ Illegal,✖ Banned (indefinite deferral),✖ Not banned,✔ Equal
ukraine,✔ Legal,✖ Banned,✔ No censorship,"✖ Legal, but requires medical diagnosis",✔ Legal,✖ Not legally recognized,✖ Illegal in some contexts,✔ Sexual orientation and gender identity,✖ No protections,✖ Single only,✖ Not banned,✔ Legal,✔ Legal,✖ Not banned,✔ Equal
united-kingdom,✔ Legal,✔ Legal,✔ No censorship,"✖ Legal, but requires medical diagnosis","✖ Legal, but restricted for minors",✖ Not legally recognized,✖ Illegal in some contexts,✔ Sexual orientation and gender identity,✔ Sexual orientation and gender identity,✔ Legal,✖ Not banned,✔ Legal,✔ Legal,✖ Not banned,✔ Equal
vatican-city,✔ Legal,✖ Banned,✖ Other punishment,✖ Illegal,Unknown,✖ Not legally recognized,✖ No protections,✖ No protections,✖ No protections,N/A,Unknown,"✖ Lesbians, gays, bisexuals permitted, transgender people banned",N/A,✖ Not banned,✔ Equal
antigua-and-barbuda,✔ Legal,✖ Foreign same-sex marriages recognized only,✔ No censorship,✖ Illegal,✔ Legal,✖ Not legally recognized,✔ Illegal,✔ Sexual orientation and gender identity,✔ Sexual orientation and gender identity,✖ Single only,Unknown,✔ Legal,✔ Legal,Ambiguous,✔ Equal
bahamas,✔ Legal,✖ Banned,✔ No censorship,✖ Illegal,✔ Legal,✖ Not legally recognized,✖ No protections,✖ No protections,✖ No protections,✖ Single only,Unknown,✔ Legal,✔ Legal,✖ Not banned,✖ Unequal
barbados,✔ Legal,✖ Unrecognized,✔ No censorship,✖ Illegal,✔ Legal,✖ Not legally recognized,✖ Illegal in some contexts,✖ Sexual orientation only,✖ No protections,✖ Single only,Unknown,✔ Legal,✔ Legal,✖ Not banned,✔ Equal
belize,✔ Legal,✖ Unrecognized,✔ No censorship,✖ Illegal,✔ Legal,✖ Not legally recognized,✖ Illegal in some contexts,✖ Sexual orientation only,✖ Sexual orientation only,✖ Single only,Unknown,Ambiguous,✔ Legal,✖ Not banned,✔ Equal
canada,✔ Legal,✔ Legal,✔ No censorship,"✔ Legal, no restrictions",✔ Legal,✔ Recognized,✔ Illegal,✔ Sexual orientation and gender identity,✔ Sexual orientation and gender identity,✔ Legal,✖ Not banned,✔ Legal,✔ Legal,✔ Banned,✔ Equal
costa-rica,✔ Legal,✔ Legal,✔ No censorship,"✔ Legal, no restrictions",✔ Legal,Ambiguous,✖ Illegal in some contexts,✖ Sexual orientation only,✖ No protections,✔ Legal,✖ Not banned,N/A,✔ Legal,✖ Not banned,✔ Equal
cuba,✔ Legal,✔ Legal,✔ No censorship,"✖ Legal, but requires surgery",✔ Legal,✖ Not legally recognized,✔ Illegal,✔ Sexual orientation and gender identity,✔ Sexual orientation and gender identity,✔ Legal,✖ Not banned,✔ Legal,✔ Legal,✖ Not banned,✔ Equal
dominica,✔ Legal,✖ Unrecognized,✔ No censorship,✖ Illegal,✔ Legal,✖ Not legally recognized,✖ Illegal in some contexts,✖ No protections,✖ No protections,✖ Single only,Unknown,N/A,✔ Legal,✖ Not banned,✔ Equal
dominican-republic,✔ Legal,✖ Unrecognized,✔ No censorship,✖ Illegal,✔ Legal,✖ Not legally recognized,✖ Illegal in some contexts,Ambiguous,✖ No protections,✖ Single only,Unknown,✖ Illegal,✔ Legal,✖ Not banned,✔ Equal
el-salvador,✔ Legal,✖ Unrecognized,✖ State-enforced,✖ Illegal,✔ Legal,✖ Not legally recognized,✖ Illegal in some contexts,✔ Sexual orientation and gender identity,✖ No protections,✖ Single only,Unknown,"✖ Lesbians, gays, bisexuals permitted, transgender people banned",✔ Legal with restrictions,✖ Not banned,✔ Equal
guatemala,✔ Legal,✖ Unrecognized,✔ No censorship,✖ Illegal,✔ Legal,✖ Not legally recognized,✖ Illegal in some contexts,✖ No protections,✖ No protections,✖ Single only,Unknown,"✖ Lesbians, gays, bisexuals permitted, transgender people banned",Unknown,✖ Not banned,✔ Equal
haiti,✔ Legal,✖ Banned,✔ No censorship,✖ Illegal,✔ Legal,✖ Not legally recognized,✖ No protections,✖ No protections,✖ No protections,✖ Single only,Unknown,Ambiguous,✔ Legal,✖ Not banned,✔ Equal
honduras,✔ Legal,✖ Banned,✔ No censorship,✖ Illegal,✔ Legal,✖ Not legally recognized,✔ Illegal,✔ Sexual orientation and gender identity,✔ Sexual orientation and gender identity,✖ Single only,Unknown,"✖ Lesbians, gays, bisexuals permitted, transgender people banned",✖ Banned (indefinite deferral),✖ Not banned,✔ Equal
mexico,✔ Legal,✔ Legal,✔ No censorship,"✔ Legal, no restrictions",✔ Legal,✔ Recognized,✔ Illegal,Varies by Region,✖ Sexual orientation only,Varies by Region,Unknown,"✖ Lesbians, gays, bisexuals permitted, transgender people banned",✔ Legal,Varies by Region,✔ Equal
nicaragua,✔ Legal,✖ Unrecognized,✔ No censorship,✖ Illegal,✔ Legal,✖ Not legally recognized,✖ Illegal in some contexts,✖ Sexual orientation only,✖ No protections,✖ Single only,Unknown,✖ Illegal,✔ Legal,✖ Not banned,✔ Equal
panama,✔ Legal,✖ Unrecognized,✔ No censorship,"✖ Legal, but requires surgery",✔ Legal,✖ Not legally recognized,✖ No protections,✖ No protections,✖ No protections,✖ Illegal,Unknown,N/A,✖ Banned (indefinite deferral),✖ Not banned,✔ Equal
saint-kitts-and-nevis,✔ Legal,✖ Foreign same-sex marriages recognized only,✔ No censorship,✖ Illegal,✔ Legal,✖ Not legally recognized,✖ Illegal in some contexts,✖ No protections,✖ No protections,✖ Single only,Unknown,✔ Legal,✔ Legal,✖ Not banned,✔ Equal
trinidad-and-tobago,✔ Legal,✖ Unrecognized,✔ No censorship,✖ Illegal,✔ Legal,✖ Not legally recognized,✖ No protections,✖ No protections,✖ No protections,✖ Single only,Unknown,✔ Legal,✖ Banned (less than 6-month deferral),✖ Not banned,✔ Equal
united-states,✔ Legal,✔ Legal,Varies by Region,Varies by Region,Varies by Region,✔ Recognized,Varies by Region,✔ Sexual orientation and gender identity,Varies by Region,✔ Legal,Varies by Region,✔ Legal,✔ Legal,Varies by Region,✔ Equal
angola,✔ Legal,✖ Unrecognized,✔ No censorship,"✖ Legal, but requires medical diagnosis",✖ Restricted,✖ Not legally recognized,✔ Illegal,✔ Sexual orientation and gender identity,✔ Sexual orientation and gender identity,✖ Single only,Unknown,"✖ Lesbians, gays, bisexuals permitted, transgender people banned",✔ Legal,✖ Not banned,✔ Equal
benin,✔ Legal,✖ Unrecognized,✔ No censorship,✖ Illegal,"✖ Legal, but banned for minors",✖ Not legally recognized,✖ No protections,✖ No protections,✖ No protections,✖ Single only,Unknown,"✖ Lesbians, gays, bisexuals permitted, transgender people banned",✔ Legal,✖ Not banned,✖ Unequal
botswana,✔ Legal,✖ Unrecognized,✔ No censorship,"✔ Legal, no restrictions",✖ Restricted,✖ Not legally recognized,✔ Illegal,✖ Sexual orientation only,✖ No protections,✖ Single only,Unknown,"✖ Lesbians, gays, bisexuals permitted, transgender people banned",✔ Legal,✖ Not banned,✔ Equal
burkina-faso,✔ Legal,✖ Banned,✔ No censorship,✖ Illegal,"✖ Legal, but banned for minors",✖ Not legally recognized,Unknown,Unknown,Ambiguous,✖ Single only,Unknown,"✖ Lesbians, gays, bisexuals permitted, transgender people banned",✔ Legal,✖ Not banned,✔ Equal
cape-verde,✔ Legal,✖ Unrecognized,✔ No censorship,✖ Illegal,✔ Legal,✖ Not legally recognized,✖ Illegal in some contexts,✖ Sexual orientation only,✖ Sexual orientation only,✖ Single only,Unknown,Ambiguous,Ambiguous,✖ Not banned,✔ Equal
central-african-republic,✔ Legal,✖ Banned,✖ Imprisonment as punishment,✖ Illegal,✖ Banned,✖ Not legally recognized,✖ No protections,✖ No protections,✖ No protections,✖ Single only,Unknown,Ambiguous,✖ Banned (indefinite deferral),✖ Not banned,✔ Equal
cote-divoire,✔ Legal,✖ Unrecognized,Ambiguous,✖ Illegal,✖ Restricted,✖ Not legally recognized,✖ No protections,✖ No protections,✖ No protections,✖ Single only,Unknown,"✖ Don't Ask, Don't Tell",✖ Banned (indefinite deferral),✖ Not banned,✖ Unequal
democratic-republic-of-the-congo,✔ Legal,✖ Banned,Ambiguous,✖ Illegal,✖ Restricted,✖ Not legally recognized,✖ No protections,✖ No protections,✖ No protections,✖ Single only,Unknown,✖ Illegal,✔ Legal,✖ Not banned,✔ Equal
djibouti,✔ Legal,✖ Unrecognized,✖ State-enforced,✖ Illegal,✖ Banned,✖ Not legally recognized,✖ No protections,✖ No protections,✖ No protections,✖ Illegal,Unknown,Unknown,Ambiguous,✖ Not banned,✔ Equal
equatorial-guinea,✔ Legal,✖ Unrecognized,✔ No censorship,✖ Illegal,✔ Legal,✖ Not legally recognized,✖ No protections,✖ No protections,✖ No protections,✖ Single only,Unknown,"✖ Lesbians, gays, bisexuals permitted, transgender people banned",✔ Legal,✖ Not banned,✔ Equal
gabon,✔ Legal,✖ Unrecognized,✔ No censorship,✖ Illegal,Ambiguous,✖ Not legally recognized,✖ No protections,✖ No protections,Ambiguous,✖ Single only,Unknown,"✖ Lesbians, gays, bisexuals permitted, transgender people banned",✔ Legal,✖ Not banned,✖ Unequal
guinea-bissau,✔ Legal,✖ Unrecognized,✔ No censorship,✖ Illegal,"✖ Legal, but banned for minors",✖ Not legally recognized,✖ No protections,✖ No protections,✖ No protections,✖ Single only,Unknown,"✖ Lesbians, gays, bisexuals permitted, transgender people banned",✔ Legal,✖ Not banned,✔ Equal
lesotho,✔ Legal,✖ Unrecognized,✔ No censorship,Ambiguous,✖ Restricted,✖ Not legally recognized,✖ No protections,✖ No protections,✖ No protections,✖ Illegal,Unknown,"✖ Lesbians, gays, bisexuals permitted, transgender people banned",✔ Legal,✖ Not banned,✔ Equal
madagascar,✔ Legal,✖ Unrecognized,✔ No censorship,✖ Illegal,✖ Banned,✖ Not legally recognized,✖ Illegal in some contexts,✖ No protections,✖ No protections,✖ Single only,Unknown,"✖ Lesbians, gays, bisexuals permitted, transgender people banned",✔ Legal,✖ Not banned,✖ Unequal
mauritius,✔ Legal,✖ Unrecognized,✔ No censorship,✖ Illegal,✔ Legal,✖ Not legally recognized,✖ Illegal in some contexts,✖ Sexual orientation only,✖ Sexual orientation only,✖ Single only,Unknown,N/A,✔ Legal,✖ Not banned,✔ Equal
mozambique,✔ Legal,✖ Unrecognized,✔ No censorship,"✔ Legal, no restrictions",✔ Legal,✖ Not legally recognized,✖ Illegal in some contexts,✖ Sexual orientation only,✖ No protections,✖ Single only,Unknown,"✖ Lesbians, gays, bisexuals permitted, transgender people banned",✔ Legal,✖ Not banned,✔ Equal
niger,✔ Legal,✖ Unrecognized,✔ No censorship,✖ Illegal,✖ Restricted,✖ Not legally recognized,✖ No protections,✖ No protections,✖ No protections,✖ Illegal,Unknown,Ambiguous,✔ Legal,✖ Not banned,✖ Unequal
republic-of-the-congo,✔ Legal,✖ Unrecognized,✔ No censorship,✖ Illegal,"✖ Legal, but banned for minors",✖ Not legally recognized,✖ No protections,✖ No protections,✖ No protections,✖ Single only,Unknown,"✖ Lesbians, gays, bisexuals permitted, transgender people banned",✔ Legal,✖ Not banned,✖ Unequal
rwanda,✔ Legal,✖ Banned,✔ No censorship,✖ Illegal,✖ Restricted,✖ Not legally recognized,✖ Illegal in some contexts,✖ No protections,Ambiguous,✖ Illegal,Unknown,"✖ Lesbians, gays, bisexuals permitted, transgender people banned",✖ Banned (indefinite deferral),✖ Not banned,✔ Equal
sao-tome-and-principe,✔ Legal,✖ Unrecognized,✔ No censorship,✖ Illegal,"✖ Legal, but restricted for minors",✖ Not legally recognized,✖ Illegal in some contexts,✖ Sexual orientation only,✖ No protections,✖ Single only,Unknown,"✖ Lesbians, gays, bisexuals permitted, transgender people banned",✔ Legal,✖ Not banned,✔ Equal
seychelles,✔ Legal,✖ Unrecognized,✔ No censorship,✖ Illegal,✔ Legal,✖ Not legally recognized,✖ Illegal in some contexts,✖ Sexual orientation only,✖ No protections,✖ Single only,Unknown,"✖ Lesbians, gays, bisexuals permitted, transgender people banned",✔ Legal,✖ Not banned,✔ Equal
south-africa,✔ Legal,✔ Legal,✔ No censorship,"✖ Legal, but requires medical diagnosis",✔ Legal,✖ Not legally recognized,✔ Illegal,✔ Sexual orientation and gender identity,✔ Sexual orientation and gender identity,✔ Legal,✖ Not banned,✔ Legal,✔ Legal,✖ Not banned,✔ Equal
australia,✔ Legal,✔ Legal,✔ No censorship,Varies by Region,✔ Legal,✔ Recognized,✖ Illegal in some contexts,✔ Sexual orientation and gender identity,✔ Sexual orientation and gender identity,✔ Legal,Varies by Region,✔ Legal,✖ Banned (less than 6-month deferral),Varies by Region,✔ Equal
federated-states-of-micronesia,✔ Legal,✖ Unrecognized,✔ No censorship,✖ Illegal,Unknown,✖ Not legally recognized,✖ Illegal in some contexts,✖ Sexual orientation only,✖ Sexual orientation only,Unknown,Unknown,N/A,Unknown,✖ Not banned,✔ Equal
fiji,✔ Legal,✖ Banned,✔ No censorship,✖ Illegal,✔ Legal,✖ Not legally recognized,✔ Illegal,✖ Sexual orientation only,✖ No protections,✖ Illegal,Unknown,✔ Legal,✖ Banned (indefinite deferral),✖ Sexual orientation only,✔ Equal
marshall-islands,✔ Legal,✖ Unrecognized,✔ No censorship,✖ Illegal,Unknown,✖ Not legally recognized,✔ Illegal,✔ Sexual orientation and gender identity,✔ Sexual orientation and gender identity,✖ Single only,Unknown,N/A,✔ Legal,✖ Not banned,✔ Equal
nauru,✔ Legal,✖ Unrecognized,✔ No censorship,✖ Illegal,Unknown,✖ Not legally recognized,✖ Illegal in some contexts,✖ No protections,✖ No protections,✖ Single only,Unknown,N/A,✔ Legal,✖ Sexual orientation only,✔ Equal
new-zealand,✔ Legal,✔ Legal,✔ No censorship,"✔ Legal, no restrictions",✔ Legal,✔ Recognized,✖ Illegal in some contexts,✖ Sexual orientation only,✖ Sexual orientation only,✔ Legal,✖ Not banned,✔ Legal,✖ Banned (less than 6-month deferral),✔ Banned,✔ Equal
palau,✔ Legal,✖ Banned,✔ No censorship,✖ Illegal,Unknown,✖ Not legally recognized,✖ No protections,✖ No protections,✖ No protections,✖ Single only,Unknown,N/A,✔ Legal,✖ Not banned,✔ Equal
vanuatu,✔ Legal,✖ Unrecognized,✔ No censorship,✖ Illegal,Unknown,✖ Not legally recognized,✔ Illegal,✔ Sexual orientation and gender identity,✔ Sexual orientation and gender identity,✖ Single only,Unknown,N/A,✔ Legal,✖ Not banned,✔ Equal
argentina,✔ Legal,✔ Legal,✔ No censorship,"✔ Legal, no restrictions",✔ Legal,✔ Recognized,✖ Illegal in some contexts,✖ Gender identity only,Varies by Region,✔ Legal,✖ Not banned,✔ Legal,✔ Legal,✔ Banned,✔ Equal
bolivia,✔ Legal,✔ Civil unions (marriage rights),✔ No censorship,"✔ Legal, no restrictions",✔ Legal,✖ Not legally recognized,✔ Illegal,✔ Sexual orientation and gender identity,✔ Sexual orientation and gender identity,✖ Married couples only,✖ Not banned,✔ Legal,✔ Legal,✖ Not banned,✔ Equal
brazil,✔ Legal,✔ Legal,✔ No censorship,"✔ Legal, no restrictions",✔ Legal,✖ Intersex only,✔ Illegal,✔ Sexual orientation and gender identity,✔ Sexual orientation and gender identity,✔ Legal,✔ Full ban,✔ Legal,✔ Legal,✔ Banned,✔ Equal
chile,✔ Legal,✔ Legal,✔ No censorship,"✔ Legal, no restrictions",✔ Legal,✔ Recognized,✔ Illegal,✔ Sexual orientation and gender identity,✔ Sexual orientation and gender identity,✔ Legal,✔ Full ban,✔ Legal,✔ Legal,✔ Banned,✔ Equal
colombia,✔ Legal,✔ Legal,✔ No censorship,"✔ Legal, no restrictions",✔ Legal,✔ Recognized,✔ Illegal,✔ Sexual orientation and gender identity,✔ Sexual orientation and gender identity,✔ Legal,✖ Parental approval required,✔ Legal,✔ Legal,✖ Not banned,✔ Equal
ecuador,✔ Legal,✔ Legal,✔ No censorship,"✔ Legal, no restrictions",✔ Legal,✖ Not legally recognized,✔ Illegal,✖ Sexual orientation only,✖ No protections,✖ Single only,✖ Not banned,✔ Legal,✔ Legal,✔ Banned,✔ Equal
paraguay,✔ Legal,✖ Banned,✖ State-enforced,✖ Illegal,✔ Legal,✖ Not legally recognized,✖ Illegal in some contexts,✖ No protections,✖ No protections,✖ Illegal,✖ Not banned,✔ Legal,✔ Legal,✔ Banned,✖ Unequal
peru,✔ Legal,✖ Foreign same-sex marriages recognized only,✔ No censorship,"✖ Legal, but requires medical diagnosis",✔ Legal,✖ Not legally recognized,✔ Illegal,✔ Sexual orientation and gender identity,✔ Sexual orientation and gender identity,✖ Single only,✖ Not banned,"✖ Lesbians, gays, bisexuals permitted, transgender people banned",✔ Legal with restrictions,✔ Banned,✔ Equal
suriname,✔ Legal,✖ Banned,✔ No censorship,✖ Illegal,✔ Legal,✖ Not legally recognized,✖ Illegal in some contexts,✖ Sexual orientation only,✖ Sexual orientation only,✖ Single only,✖ Not banned,✔ Legal,✔ Legal,✖ Not banned,✖ Unequal
uruguay,✔ Legal,✔ Legal,✔ No censorship,"✔ Legal, no restrictions",✔ Legal,✖ Not legally recognized,✔ Illegal,✔ Sexual orientation and gender identity,✔ Sexual orientation and gender identity,✔ Legal,✔ Full ban,✔ Legal,✔ Legal,✔ Banned,✔ Equal
venezuela,✔ Legal,✖ Banned,✔ No censorship,✖ Illegal,✔ Legal,✖ Not legally recognized,✖ Illegal in some contexts,✖ Sexual orientation only,✔ Sexual orientation and gender identity,✖ Single only,✖ Not banned,"✖ Lesbians, gays, bisexuals permitted, transgender people banned",✖ Banned (indefinite deferral),✖ Not banned,✔ Equal
antarctica,✔ Legal,Varies by Region,✔ No censorship,N/A,✔ Legal,✔ Recognized,N/A,N/A,N/A,N/A,Unknown,N/A,✔ Legal,N/A,✔ Equal
turkmenistan,"✖ Male illegal, female legal",✖ Unrecognized,Ambiguous,"✖ Legal, but requires surgery",✔ Legal,✖ Not legally recognized,✖ Illegal in some contexts,✖ Gender identity only,✖ No protections,✖ Single only,Unknown,Ambiguous,✔ Legal with restrictions,✖ Sexual orientation only,"Female equal, male N/A"
uzbekistan,"✖ Male illegal, female legal",✖ Banned,✖ State-enforced,"✖ Legal, but requires medical diagnosis",✔ Legal,✖ Not legally recognized,✖ No protections,✖ No protections,✖ No protections,✖ Illegal,Unknown,✖ Illegal,✖ Banned (indefinite deferral),✖ Not banned,"Female equal, male N/A"
grenada,"✖ Male illegal, female legal",✖ Unrecognized,✔ No censorship,✖ Illegal,✔ Legal,✖ Not legally recognized,✖ Illegal in some contexts,✔ Sexual orientation and gender identity,✖ No protections,✖ Single only,Unknown,N/A,✔ Legal,✖ Not banned,✔ Equal
jamaica,"✖ Male illegal, female legal",✖ Banned,✔ No censorship,✖ Illegal,✔ Legal,✖ Not legally recognized,✖ Illegal in some contexts,✖ Sexual orientation only,✖ No protections,✖ Single only,Unknown,✔ Legal,✔ Legal,Ambiguous,N/A
saint-lucia,"✖ Male illegal, female legal",✖ Unrecognized,✔ No censorship,✖ Illegal,✔ Legal,✖ Not legally recognized,✖ Illegal in some contexts,✖ Sexual orientation only,✖ No protections,✖ Single only,Unknown,N/A,✔ Legal,✖ Not banned,"Female equal, male N/A"
swaziland,"✖ Male illegal, female legal",✖ Banned,✔ No censorship,✖ Illegal,Unknown,✖ Not legally recognized,✖ No protections,✖ No protections,✖ No protections,✖ Single only,Unknown,N/A,✔ Legal,✖ Not banned,"Female equal, male N/A"
namibia,"✖ Male illegal, female legal",✖ Foreign same-sex marriages recognized only,✔ No censorship,"✖ Legal, but requires surgery",✔ Legal,✖ Not legally recognized,✖ Illegal in some contexts,✖ Sexual orientation only,✖ Sexual orientation only,✔ Legal,Unknown,Ambiguous,✔ Legal,✖ Not banned,"Female equal, male N/A"
sierra-leone,"✖ Male illegal, female legal",✖ Banned,✔ No censorship,✖ Illegal,Unknown,✖ Not legally recognized,✖ Illegal in some contexts,Ambiguous,✖ No protections,✖ Single only,Unknown,✖ Illegal,✔ Legal,✖ Not banned,✔ Equal
zimbabwe,"✖ Male illegal, female legal",✖ Banned,✔ No censorship,"✖ Legal, but requires surgery","✖ Legal, but restricted for minors",✖ Not legally recognized,✖ No protections,Ambiguous,Ambiguous,✖ Single only,Unknown,"✖ Lesbians, gays, bisexuals permitted, transgender people banned",✔ Legal,✖ Not banned,"Female equal, male N/A"
kiribati,"✖ Male illegal, female legal",✖ Unrecognized,✔ No censorship,✖ Illegal,✔ Legal,✖ Not legally recognized,✖ Illegal in some contexts,✔ Sexual orientation and gender identity,✖ No protections,✖ Single only,Unknown,N/A,✔ Legal,✖ Not banned,Ambiguous
papua-new-guinea,"✖ Male illegal, female legal",✖ Unrecognized,✔ No censorship,✖ Illegal,"✖ Legal, but restricted for minors",✖ Not legally recognized,✖ No protections,✖ No protections,✖ No protections,✖ Single only,Unknown,✔ Legal,✔ Legal,✖ Not banned,"Female equal, male N/A"
samoa,"✖ Male illegal, female legal",✖ Unrecognized,✔ No censorship,Ambiguous,Unknown,✖ Not legally recognized,✖ Illegal in some contexts,✔ Sexual orientation and gender identity,Ambiguous,✖ Single only,Unknown,N/A,✖ Banned (1-year deferral),✔ Banned,✔ Equal
tonga,"✖ Male illegal, female legal",✖ Banned,✔ No censorship,✖ Illegal,Unknown,✖ Not legally recognized,✖ Illegal in some contexts,✖ No protections,Ambiguous,✖ Illegal,Unknown,✔ Legal,✔ Legal,✖ Not banned,✔ Equal
tuvalu,"✖ Male illegal, female legal",✖ Banned,✔ No censorship,✖ Illegal,Unknown,✖ Not legally recognized,✖ No protections,✖ Sexual orientation only,✖ No protections,✖ Single only,Unknown,N/A,✔ Legal,✖ Not banned,Ambiguous
guyana,"✖ Male illegal, female legal",✖ Banned,✔ No censorship,✖ Illegal,✔ Legal,✖ Not legally recognized,✖ No protections,✖ No protections,✖ No protections,✖ Single only,✖ Not banned,✔ Legal,✔ Legal,✖ Not banned,N/A
iraq,✖ Illegal (imprisonment as punishment),✖ Unrecognized,✖ Imprisonment as punishment,✖ Illegal,✖ Banned,✖ Not legally recognized,✖ No protections,✖ No protections,✖ No protections,✖ Illegal,Unknown,✖ Illegal,✖ Banned (1-year deferral),✖ Not banned,N/A
kuwait,✖ Illegal (imprisonment as punishment),✖ Banned,✖ State-enforced,✖ Illegal,✔ Legal,✖ Not legally recognized,✖ No protections,✖ No protections,✖ No protections,N/A,Unknown,"✖ Don't Ask, Don't Tell",✔ Legal,✖ Not banned,N/A
malaysia,✖ Illegal (imprisonment as punishment),✖ Banned,✖ State-enforced,✖ Illegal,✖ Restricted,✖ Not legally recognized,✖ No protections,✖ No protections,✖ No protections,✖ Single only,Unknown,✖ Illegal,✖ Banned (indefinite deferral),✖ Not banned,N/A
maldives,✖ Illegal (imprisonment as punishment),✖ Banned,✔ No censorship,✖ Illegal,✔ Legal,✖ Not legally recognized,✖ No protections,✖ No protections,✖ No protections,✖ Single only,Unknown,"✖ Don't Ask, Don't Tell",✔ Legal,✖ Not banned,N/A
myanmar,✖ Illegal (imprisonment as punishment),✖ Unrecognized,✔ No censorship,✖ Illegal,✖ Restricted,✖ Not legally recognized,✖ No protections,✖ No protections,✖ No protections,✖ Single only,Unknown,✖ Illegal,✖ Banned (indefinite deferral),✖ Not banned,N/A
oman,✖ Illegal (imprisonment as punishment),✖ Banned,✖ State-enforced,✖ Illegal,✔ Legal,✖ Not legally recognized,✖ No protections,Ambiguous,✖ No protections,✖ Illegal,Unknown,Ambiguous,✖ Banned (indefinite deferral),✖ Not banned,N/A
pakistan,✖ Illegal (imprisonment as punishment),✖ Banned,✖ Imprisonment as punishment,"✔ Legal, no restrictions","✖ Legal, but restricted for minors",✔ Recognized,✖ Illegal in some contexts,✖ Gender identity only,✖ Gender identity only,✖ Illegal,Unknown,✖ Illegal,✖ Banned (indefinite deferral),✖ Not banned,N/A
qatar,✖ Illegal (imprisonment as punishment),✖ Banned,✖ State-enforced,✖ Illegal,✔ Legal,✖ Not legally recognized,✖ No protections,✖ No protections,✖ No protections,✖ Illegal,Unknown,✖ Illegal,✖ Banned (indefinite deferral),✖ Not banned,N/A
sri-lanka,✖ Illegal (imprisonment as punishment),✖ Banned,✔ No censorship,"✖ Legal, but requires medical diagnosis",✔ Legal,✖ Not legally recognized,✖ No protections,✖ No protections,✖ No protections,✖ Illegal,Unknown,✖ Illegal,✖ Banned (indefinite deferral),✖ Not banned,N/A
syria,✖ Illegal (imprisonment as punishment),✖ Banned,✖ State-enforced,"✖ Legal, but requires surgery",✔ Legal,✖ Not legally recognized,✖ No protections,✖ No protections,✖ No protections,✖ Single only,Unknown,"✖ Don't Ask, Don't Tell",✖ Banned (indefinite deferral),✖ Not banned,N/A
saint-vincent-and-the-grenadines,✖ Illegal (imprisonment as punishment),✖ Foreign same-sex marriages recognized only,✔ No censorship,✖ Illegal,✔ Legal,✖ Not legally recognized,✖ Illegal in some contexts,Ambiguous,✖ No protections,✖ Single only,Unknown,N/A,✔ Legal,✖ Not banned,N/A
algeria,✖ Illegal (imprisonment as punishment),✖ Banned,✖ Imprisonment as punishment,✖ Illegal,✖ Banned,✖ Not legally recognized,✖ No protections,✖ No protections,✖ No protections,✖ Single only,Unknown,✖ Illegal,✖ Banned (indefinite deferral),✖ Not banned,N/A
burundi,✖ Illegal (imprisonment as punishment),✖ Banned,✖ Fine as punishment,✖ Illegal,"✖ Legal, but banned for minors",✖ Not legally recognized,✖ No protections,✖ No protections,✖ No protections,✖ Single only,Unknown,✖ Illegal,✔ Legal,✖ Not banned,N/A
cameroon,✖ Illegal (imprisonment as punishment),✖ Banned,✖ State-enforced,✖ Illegal,✖ Banned,✖ Not legally recognized,✖ No protections,✖ No protections,✖ No protections,✖ Illegal,Unknown,✖ Illegal,Unknown,✖ Not banned,N/A
chad,✖ Illegal (imprisonment as punishment),✖ Banned,✔ No censorship,✖ Illegal,✖ Banned,✖ Not legally recognized,✖ Illegal in some contexts,✖ No protections,✖ No protections,✖ Single only,Unknown,✖ Illegal,✔ Legal,✖ Not banned,N/A
comoros,✖ Illegal (imprisonment as punishment),✖ Unrecognized,✔ No censorship,✖ Illegal,Unknown,✖ Not legally recognized,✖ No protections,✖ No protections,✖ No protections,✖ Single only,Unknown,✖ Illegal,✖ Banned (indefinite deferral),✖ Not banned,N/A
eritrea,✖ Illegal (imprisonment as punishment),✖ Banned,✖ State-enforced,✖ Illegal,✖ Banned,✖ Not legally recognized,✖ No protections,✖ No protections,✖ No protections,✖ Single only,Unknown,✖ Illegal,✖ Banned (indefinite deferral),✖ Not banned,N/A
ethiopia,✖ Illegal (imprisonment as punishment),✖ Banned,✖ State-enforced,✖ Illegal,✖ Restricted,✖ Not legally recognized,✖ No protections,✖ No protections,✖ No protections,✖ Illegal,Unknown,✖ Illegal,Unknown,✖ Not banned,N/A
ghana,✖ Illegal (imprisonment as punishment),✖ Banned,✖ Imprisonment as punishment,✖ Illegal,✖ Restricted,✖ Not legally recognized,✖ No protections,✖ No protections,✖ No protections,✖ Single only,Unknown,✖ Illegal,✖ Banned (indefinite deferral),✖ Not banned,N/A
guinea,✖ Illegal (imprisonment as punishment),✖ Banned,✔ No censorship,✖ Illegal,✔ Legal,✖ Not legally recognized,✖ No protections,✖ No protections,✖ No protections,✖ Single only,Unknown,✖ Illegal,✔ Legal,✖ Not banned,N/A
kenya,✖ Illegal (imprisonment as punishment),✖ Banned,✖ State-enforced,Ambiguous,✖ Restricted,✖ Intersex only,✖ Illegal in some contexts,✖ Sexual orientation only,✖ No protections,✖ Illegal,✔ Full ban,✖ Illegal,✔ Legal,✖ Not banned,N/A
liberia,✖ Illegal (imprisonment as punishment),✖ Banned,✔ No censorship,✖ Illegal,"✖ Legal, but banned for minors",✖ Not legally recognized,✖ Illegal in some contexts,✔ Sexual orientation and gender identity,✖ No protections,✖ Single only,Unknown,"✖ Don't Ask, Don't Tell",✔ Legal,✖ Not banned,N/A
libya,✖ Illegal (imprisonment as punishment),✖ Banned,✖ Imprisonment as punishment,✖ Illegal,✔ Legal,✖ Not legally recognized,✖ No protections,✖ No protections,✖ No protections,✖ Illegal,Unknown,✖ Illegal,✖ Banned (indefinite deferral),✖ Not banned,N/A
malawi,✖ Illegal (imprisonment as punishment),✖ Banned,✔ No censorship,✖ Illegal,✖ Restricted,✖ Not legally recognized,✖ Illegal in some contexts,Ambiguous,Ambiguous,✖ Single only,Unknown,✖ Illegal,N/A,✖ Not banned,N/A
morocco,✖ Illegal (imprisonment as punishment),✖ Unrecognized,✖ State-enforced,✖ Illegal,✔ Legal,✖ Not legally recognized,✖ No protections,✖ No protections,✖ No protections,✖ Illegal,Unknown,✖ Illegal,✖ Banned (indefinite deferral),✖ Not banned,N/A
senegal,✖ Illegal (imprisonment as punishment),✖ Banned,✖ Imprisonment as punishment,✖ Illegal,Unknown,✖ Not legally recognized,✖ No protections,✖ No protections,✖ No protections,✖ Single only,Unknown,✖ Illegal,✔ Legal,✖ Not banned,N/A
south-sudan,✖ Illegal (imprisonment as punishment),✖ Banned,✔ No censorship,✖ Illegal,✖ Restricted,✖ Not legally recognized,✖ No protections,✖ No protections,✖ No protections,✖ Single only,Unknown,✖ Illegal,✔ Legal,✖ Not banned,N/A
togo,✖ Illegal (imprisonment as punishment),✖ Banned,✔ No censorship,✖ Illegal,Ambiguous,✖ Not legally recognized,✖ No protections,✖ No protections,✖ No protections,✖ Single only,Unknown,✖ Illegal,✔ Legal,✖ Not banned,N/A
tunisia,✖ Illegal (imprisonment as punishment),✖ Banned,✖ Imprisonment as punishment,"✖ Legal, but requires surgery",✔ Legal,✖ Not legally recognized,✖ No protections,✖ No protections,✖ No protections,✖ Single only,Unknown,Ambiguous,✔ Legal,✖ Not banned,N/A
zambia,✖ Illegal (imprisonment as punishment),✖ Banned,✔ No censorship,Ambiguous,✖ Banned,✖ Not legally recognized,✖ No protections,✖ No protections,Ambiguous,✖ Illegal,Unknown,"✖ Don't Ask, Don't Tell",N/A,✖ Not banned,N/A
solomon-islands,✖ Illegal (imprisonment as punishment),✖ Banned,✔ No censorship,✖ Illegal,✔ Legal,✖ Not legally recognized,✖ No protections,✖ No protections,✖ No protections,✖ Single only,Unknown,N/A,✔ Legal,✖ Not banned,N/A
bangladesh,✖ Illegal (up to life in prison as punishment),✖ Banned,✖ State-enforced,"✔ Legal, no restrictions",✖ Restricted,✔ Recognized,✖ No protections,✖ No protections,✖ No protections,✖ Illegal,Unknown,✖ Illegal,Ambiguous,✖ Not banned,N/A
gambia,✖ Illegal (up to life in prison as punishment),✖ Banned,✔ No censorship,✖ Illegal,Unknown,✖ Not legally recognized,✖ No protections,✖ No protections,✖ No protections,✖ Single only,Unknown,✖ Illegal,✖ Banned (indefinite deferral),✖ Not banned,N/A
sudan,✖ Illegal (up to life in prison as punishment),✖ Banned,✖ State-enforced,✖ Illegal,✖ Restricted,✖ Not legally recognized,✖ No protections,✖ No protections,✖ No protections,✖ Single only,Unknown,✖ Illegal,Unknown,✖ Not banned,N/A
tanzania,✖ Illegal (up to life in prison as punishment),✖ Banned,✖ State-enforced,✖ Illegal,✖ Restricted,✖ Not legally recognized,✖ No protections,✖ No protections,✖ No protections,✖ Illegal,Unknown,✖ Illegal,✔ Legal,✖ Not banned,N/A
afghanistan,✖ Illegal (death penalty as punishment),✖ Banned,✖ Imprisonment as punishment,✖ Illegal,✖ Banned,✖ Not legally recognized,✖ No protections,✖ No protections,✖ No protections,✖ Illegal,Unknown,✖ Illegal,✖ Banned (indefinite deferral),✖ Not banned,N/A
brunei,✖ Illegal (death penalty as punishment),✖ Banned,✖ State-enforced,✖ Illegal,✖ Restricted,✖ Not legally recognized,✖ No protections,✖ No protections,✖ No protections,✖ Illegal,Unknown,✖ Illegal,✖ Banned (indefinite deferral),✖ Not banned,N/A
iran,✖ Illegal (death penalty as punishment),✖ Banned,✖ Other punishment,"✖ Legal, but requires surgery",✔ Legal,✖ Not legally recognized,✖ No protections,✖ No protections,✖ No protections,✖ Illegal,Unknown,✖ Illegal,✖ Banned (indefinite deferral),✖ Not banned,N/A
saudi-arabia,✖ Illegal (death penalty as punishment),✖ Banned,✖ Imprisonment as punishment,✖ Illegal,✔ Legal,✖ Not legally recognized,✖ No protections,✖ No protections,✖ No protections,✖ Illegal,✖ Not banned,✖ Illegal,✔ Legal,✖ Not banned,N/A
united-arab-emirates,✖ Illegal (death penalty as punishment),✖ Banned,✖ Imprisonment as punishment,✖ Illegal,✔ Legal,✖ Not legally recognized,✖ No protections,✖ No protections,✖ No protections,✖ Illegal,Unknown,✖ Illegal,✖ Banned (indefinite deferral),✖ Not banned,N/A
yemen,✖ Illegal (death penalty as punishment),✖ Banned,✖ Imprisonment as punishment,✖ Illegal,✖ Banned,✖ Not legally recognized,✖ No protections,✖ No protections,✖ No protections,✖ Illegal,Unknown,✖ Illegal,Ambiguous,✖ Not banned,N/A
mauritania,✖ Illegal (death penalty as punishment),✖ Banned,✖ Imprisonment as punishment,✖ Illegal,✖ Banned,Unknown,✖ No protections,✖ No protections,✖ No protections,✖ Illegal,Unknown,✖ Illegal,✖ Banned (indefinite deferral),Unknown,N/A
nigeria,✖ Illegal (death penalty as punishment),✖ Banned,✖ Imprisonment as punishment,✖ Illegal,✖ Restricted,✖ Not legally recognized,✖ No protections,✖ No protections,✖ No protections,✖ Single only,Unknown,✖ Illegal,Ambiguous,✖ Not banned,N/A
somalia,✖ Illegal (death penalty as punishment),✖ Banned,N/A,✖ Illegal,✖ Banned,✖ Not legally recognized,✖ No protections,✖ No protections,✖ No protections,✖ Single only,Unknown,✖ Illegal,Ambiguous,✖ Not banned,N/A
uganda,✖ Illegal (death penalty as punishment),✖ Banned,✖ Imprisonment as punishment,Ambiguous,"✖ Legal, but banned for minors",✖ Not legally recognized,✖ No protections,✖ No protections,✖ No protections,✖ Illegal,Unknown,✖ Illegal,Unknown,✖ Not banned,N/A
indonesia,Varies by Region,✖ Banned,✖ State-enforced,"✖ Legal, but requires surgery",✖ Restricted,✖ Not legally recognized,✖ Illegal in some contexts,✖ No protections,Unknown,Ambiguous,Unknown,✖ Illegal,Ambiguous,Unknown,✔ Equal
lebanon,Ambiguous,✖ Unrecognized,Ambiguous,"✖ Legal, but requires surgery",✔ Legal,✖ Not legally recognized,✖ No protections,✖ No protections,✖ No protections,✖ Single only,Unknown,"✖ Don't Ask, Don't Tell",✖ Banned (indefinite deferral),✖ Not banned,N/A
palestine,Varies by Region,✖ Unrecognized,Varies by Region,Ambiguous,✔ Legal,✖ Not legally recognized,✖ No protections,✖ No protections,✖ No protections,✖ Single only,✖ Not banned,N/A,✖ Banned (indefinite deferral),✖ Not banned,Varies by Region
russia,Varies by Region,✖ Banned,✖ Other punishment,✖ Illegal,✖ Banned,Unknown,✖ No protections,✖ No protections,✖ No protections,✖ Single only,✖ Not banned,"✖ Lesbians, gays, bisexuals permitted, transgender people banned",✔ Legal,✖ Not banned,Varies by Region
egypt,Ambiguous,✖ Banned,✖ Imprisonment as punishment,"✖ Legal, but requires surgery",✔ Legal,✖ Not legally recognized,✖ No protections,✖ No protections,✖ No protections,✖ Illegal,Unknown,✖ Illegal,✖ Banned (indefinite deferral),✖ Not banned,N/A
